input,label
reading last email,1
reread last email,1
reads last email,1
write last email,1
Reread last email,1
handwrite last email,1
written last email,1
read_aloud last email,1
http://www.jpost.com_servlet_Satellite last email,1
visit_www.sj-r.com/bakke last email,1
read earlier email,1
read Last email,1
read ago email,1
read previous email,1
read first email,1
read after email,1
read next email,1
read past email,1
read this email,1
read later email,1
read last e_mail,1
read last emails,1
read last E_mail,1
read last Email,1
read last roycimagala@hotmail.com,1
read last cclark####nd@netscape.net,1
read last email_info@unify.com,1
read last Stephen_Gallien,1
read last Website_www.citizen_news.org,1
read last Cathryn_Khalil,1
earlier email,1
Last email,1
ago email,1
previous email,1
first email,1
after email,1
next email,1
past email,1
this email,1
later email,1
last e_mail,1
last emails,1
last E_mail,1
last Email,1
last roycimagala@hotmail.com,1
last cclark####nd@netscape.net,1
last email_info@unify.com,1
last Stephen_Gallien,1
last Website_www.citizen_news.org,1
last Cathryn_Khalil,1
Subject latest email,2
topic latest email,2
Note_Movie_showtimes latest email,2
Indicate_Pet_Ohana latest email,2
concerning latest email,2
Sonus_sole_discretion latest email,2
Type_Inbox latest email,2
relating latest email,2
subjects latest email,2
consents_authorizations latest email,2
subject lastest email,2
subject Latest email,2
subject newest email,2
subject recent email,2
subject thelatest email,2
subject latests email,2
subject headline_grabbing email,2
subject new email,2
subject Ninemsn_Newsroom email,2
subject long_awaited email,2
subject latest e_mail,2
subject latest emails,2
subject latest E_mail,2
subject latest Email,2
subject latest roycimagala@hotmail.com,2
subject latest cclark####nd@netscape.net,2
subject latest email_info@unify.com,2
subject latest Stephen_Gallien,2
subject latest Website_www.citizen_news.org,2
subject latest Cathryn_Khalil,2
earlier subject email,2
Last subject email,2
ago subject email,2
previous subject email,2
first subject email,2
after subject email,2
next subject email,2
past subject email,2
this subject email,2
later subject email,2
last Subject email,2
last topic email,2
last Note_Movie_showtimes email,2
last Indicate_Pet_Ohana email,2
last concerning email,2
last Sonus_sole_discretion email,2
last Type_Inbox email,2
last relating email,2
last subjects email,2
last consents_authorizations email,2
last subject e_mail,2
last subject emails,2
last subject E_mail,2
last subject Email,2
last subject roycimagala@hotmail.com,2
last subject cclark####nd@netscape.net,2
last subject email_info@unify.com,2
last subject Stephen_Gallien,2
last subject Website_www.citizen_news.org,2
last subject Cathryn_Khalil,2
giving title last email,2
gave title last email,2
Give title last email,2
gives title last email,2
provide title last email,2
given title last email,2
Giving title last email,2
take title last email,2
get title last email,2
togive title last email,2
give championship last email,2
give crown last email,2
give titles last email,2
give championships last email,2
give champs last email,2
give champ last email,2
give champion last email,2
give championsip last email,2
give trophy last email,2
give chamionship last email,2
give title earlier email,2
give title Last email,2
give title ago email,2
give title previous email,2
give title first email,2
give title after email,2
give title next email,2
give title past email,2
give title this email,2
give title later email,2
give title last e_mail,2
give title last emails,2
give title last E_mail,2
give title last Email,2
give title last roycimagala@hotmail.com,2
give title last cclark####nd@netscape.net,2
give title last email_info@unify.com,2
give title last Stephen_Gallien,2
give title last Website_www.citizen_news.org,2
give title last Cathryn_Khalil,2
returning latest email,1
returns latest email,1
returned latest email,1
rejoin latest email,1
Return latest email,1
leave latest email,1
depart latest email,1
Returning latest email,1
reclaim latest email,1
retun latest email,1
return lastest email,1
return Latest email,1
return newest email,1
return recent email,1
return thelatest email,1
return latests email,1
return headline_grabbing email,1
return new email,1
return Ninemsn_Newsroom email,1
return long_awaited email,1
return latest e_mail,1
return latest emails,1
return latest E_mail,1
return latest Email,1
return latest roycimagala@hotmail.com,1
return latest cclark####nd@netscape.net,1
return latest email_info@unify.com,1
return latest Stephen_Gallien,1
return latest Website_www.citizen_news.org,1
return latest Cathryn_Khalil,1
reading latest email message,1
reread latest email message,1
reads latest email message,1
write latest email message,1
Reread latest email message,1
handwrite latest email message,1
written latest email message,1
read_aloud latest email message,1
http://www.jpost.com_servlet_Satellite latest email message,1
visit_www.sj-r.com/bakke latest email message,1
read lastest email message,1
read Latest email message,1
read newest email message,1
read recent email message,1
read thelatest email message,1
read latests email message,1
read headline_grabbing email message,1
read new email message,1
read Ninemsn_Newsroom email message,1
read long_awaited email message,1
read latest e_mail message,1
read latest emails message,1
read latest E_mail message,1
read latest Email message,1
read latest roycimagala@hotmail.com message,1
read latest cclark####nd@netscape.net message,1
read latest email_info@unify.com message,1
read latest Stephen_Gallien message,1
read latest Website_www.citizen_news.org message,1
read latest Cathryn_Khalil message,1
read latest email messages,1
read latest email messsage,1
read latest email mesage,1
read latest email Message,1
read latest email messege,1
read latest email subliminal_message,1
read latest email mes_sage,1
read latest email Messages,1
read latest email missive,1
read latest email congratulatory_message,1
reading last email content,1
reread last email content,1
reads last email content,1
write last email content,1
Reread last email content,1
handwrite last email content,1
written last email content,1
read_aloud last email content,1
http://www.jpost.com_servlet_Satellite last email content,1
visit_www.sj-r.com/bakke last email content,1
read earlier email content,1
read Last email content,1
read ago email content,1
read previous email content,1
read first email content,1
read after email content,1
read next email content,1
read past email content,1
read this email content,1
read later email content,1
read last e_mail content,1
read last emails content,1
read last E_mail content,1
read last Email content,1
read last roycimagala@hotmail.com content,1
read last cclark####nd@netscape.net content,1
read last email_info@unify.com content,1
read last Stephen_Gallien content,1
read last Website_www.citizen_news.org content,1
read last Cathryn_Khalil content,1
read last email Content,1
read last email Classical.com,1
read last email *_Trialists,1
read last email TheNewsRoom,1
read last email AOL_Truveo,1
read last email networks_CDNs,1
read last email PinstripesPlus.com_Scout_™,1
read last email Pyro.TV,1
read last email Certicom_protects,1
read last email Cinematical_podcast,1
whats subject last email,2
Thats subject last email,2
thats subject last email,2
What subject last email,2
lol subject last email,2
Seriously subject last email,2
WHat subject last email,2
Hmmm subject last email,2
Hmm subject last email,2
..... subject last email,2
Whats Subject last email,2
Whats topic last email,2
Whats Note_Movie_showtimes last email,2
Whats Indicate_Pet_Ohana last email,2
Whats concerning last email,2
Whats Sonus_sole_discretion last email,2
Whats Type_Inbox last email,2
Whats relating last email,2
Whats subjects last email,2
Whats consents_authorizations last email,2
Whats subject earlier email,2
Whats subject Last email,2
Whats subject ago email,2
Whats subject previous email,2
Whats subject first email,2
Whats subject after email,2
Whats subject next email,2
Whats subject past email,2
Whats subject this email,2
Whats subject later email,2
Whats subject last e_mail,2
Whats subject last emails,2
Whats subject last E_mail,2
Whats subject last Email,2
Whats subject last roycimagala@hotmail.com,2
Whats subject last cclark####nd@netscape.net,2
Whats subject last email_info@unify.com,2
Whats subject last Stephen_Gallien,2
Whats subject last Website_www.citizen_news.org,2
Whats subject last Cathryn_Khalil,2
shows last email body,1
showing last email body,1
Show last email body,1
showed last email body,1
shown last email body,1
demonstrate last email body,1
Shows last email body,1
THE_SINGING_BEE last email body,1
PBS_Soundstage last email body,1
Jimmy_Kimmell last email body,1
show earlier email body,1
show Last email body,1
show ago email body,1
show previous email body,1
show first email body,1
show after email body,1
show next email body,1
show past email body,1
show this email body,1
show later email body,1
show last e_mail body,1
show last emails body,1
show last E_mail body,1
show last Email body,1
show last roycimagala@hotmail.com body,1
show last cclark####nd@netscape.net body,1
show last email_info@unify.com body,1
show last Stephen_Gallien body,1
show last Website_www.citizen_news.org body,1
show last Cathryn_Khalil body,1
show last email bodies,1
show last email Body,1
show last email corpse,1
show last email torso,1
show last email partially_decomposed,1
show last email decomposing_body,1
show last email clothing_scented_soaps,1
show last email vehicle_Kamenobu,1
show last email shallow_grave_More_>>,1
show last email dismembered_body,1
shows last email subject,2
showing last email subject,2
Show last email subject,2
showed last email subject,2
shown last email subject,2
demonstrate last email subject,2
Shows last email subject,2
THE_SINGING_BEE last email subject,2
PBS_Soundstage last email subject,2
Jimmy_Kimmell last email subject,2
show earlier email subject,2
show Last email subject,2
show ago email subject,2
show previous email subject,2
show first email subject,2
show after email subject,2
show next email subject,2
show past email subject,2
show this email subject,2
show later email subject,2
show last e_mail subject,2
show last emails subject,2
show last E_mail subject,2
show last Email subject,2
show last roycimagala@hotmail.com subject,2
show last cclark####nd@netscape.net subject,2
show last email_info@unify.com subject,2
show last Stephen_Gallien subject,2
show last Website_www.citizen_news.org subject,2
show last Cathryn_Khalil subject,2
show last email Subject,2
show last email topic,2
show last email Note_Movie_showtimes,2
show last email Indicate_Pet_Ohana,2
show last email concerning,2
show last email Sonus_sole_discretion,2
show last email Type_Inbox,2
show last email relating,2
show last email subjects,2
show last email consents_authorizations,2
myself need last email subject,2
'm need last email subject,2
my need last email subject,2
honestly need last email subject,2
me need last email subject,2
we need last email subject,2
'd need last email subject,2
yeah need last email subject,2
Personally need last email subject,2
you need last email subject,2
I needed last email subject,2
I want last email subject,2
I needs last email subject,2
I must last email subject,2
I needing last email subject,2
I can last email subject,2
I should last email subject,2
I do last email subject,2
I needto last email subject,2
I necessary last email subject,2
I need earlier email subject,2
I need Last email subject,2
I need ago email subject,2
I need previous email subject,2
I need first email subject,2
I need after email subject,2
I need next email subject,2
I need past email subject,2
I need this email subject,2
I need later email subject,2
I need last e_mail subject,2
I need last emails subject,2
I need last E_mail subject,2
I need last Email subject,2
I need last roycimagala@hotmail.com subject,2
I need last cclark####nd@netscape.net subject,2
I need last email_info@unify.com subject,2
I need last Stephen_Gallien subject,2
I need last Website_www.citizen_news.org subject,2
I need last Cathryn_Khalil subject,2
I need last email Subject,2
I need last email topic,2
I need last email Note_Movie_showtimes,2
I need last email Indicate_Pet_Ohana,2
I need last email concerning,2
I need last email Sonus_sole_discretion,2
I need last email Type_Inbox,2
I need last email relating,2
I need last email subjects,2
I need last email consents_authorizations,2
getting last email attachment,3
got last email attachment,3
gets last email attachment,3
gotten last email attachment,3
Getting last email attachment,3
go last email attachment,3
come last email attachment,3
give last email attachment,3
bring last email attachment,3
toget last email attachment,3
get earlier email attachment,3
get Last email attachment,3
get ago email attachment,3
get previous email attachment,3
get first email attachment,3
get after email attachment,3
get next email attachment,3
get past email attachment,3
get this email attachment,3
get later email attachment,3
get last e_mail attachment,3
get last emails attachment,3
get last E_mail attachment,3
get last Email attachment,3
get last roycimagala@hotmail.com attachment,3
get last cclark####nd@netscape.net attachment,3
get last email_info@unify.com attachment,3
get last Stephen_Gallien attachment,3
get last Website_www.citizen_news.org attachment,3
get last Cathryn_Khalil attachment,3
get last email attachments,3
get last email Charge_Writ,3
get last email attached,3
get last email attach,3
get last email attachement,3
get last email base_weatherhead,3
get last email postcard.exe,3
get last email attaches,3
get last email prosthetic_beak,3
get last email Attachment,3
lastest email files,3
Latest email files,3
newest email files,3
recent email files,3
thelatest email files,3
latests email files,3
headline_grabbing email files,3
new email files,3
Ninemsn_Newsroom email files,3
long_awaited email files,3
latest e_mail files,3
latest emails files,3
latest E_mail files,3
latest Email files,3
latest roycimagala@hotmail.com files,3
latest cclark####nd@netscape.net files,3
latest email_info@unify.com files,3
latest Stephen_Gallien files,3
latest Website_www.citizen_news.org files,3
latest Cathryn_Khalil files,3
latest email file,3
latest email folder,3
latest email documents,3
latest email Files,3
latest email pst_file,3
latest email PDF_files,3
latest email folders,3
latest email JPG_files,3
latest email Photographs_stapled,3
latest email ZIP_files,3
attachments last email,3
Charge_Writ last email,3
attached last email,3
attach last email,3
attachement last email,3
base_weatherhead last email,3
postcard.exe last email,3
attaches last email,3
prosthetic_beak last email,3
Attachment last email,3
attachment earlier email,3
attachment Last email,3
attachment ago email,3
attachment previous email,3
attachment first email,3
attachment after email,3
attachment next email,3
attachment past email,3
attachment this email,3
attachment later email,3
attachment last e_mail,3
attachment last emails,3
attachment last E_mail,3
attachment last Email,3
attachment last roycimagala@hotmail.com,3
attachment last cclark####nd@netscape.net,3
attachment last email_info@unify.com,3
attachment last Stephen_Gallien,3
attachment last Website_www.citizen_news.org,3
attachment last Cathryn_Khalil,3
lastest files attached last email,3
Latest files attached last email,3
newest files attached last email,3
recent files attached last email,3
thelatest files attached last email,3
latests files attached last email,3
headline_grabbing files attached last email,3
new files attached last email,3
Ninemsn_Newsroom files attached last email,3
long_awaited files attached last email,3
latest file attached last email,3
latest folder attached last email,3
latest documents attached last email,3
latest Files attached last email,3
latest pst_file attached last email,3
latest PDF_files attached last email,3
latest folders attached last email,3
latest JPG_files attached last email,3
latest Photographs_stapled attached last email,3
latest ZIP_files attached last email,3
latest files attach last email,3
latest files Attached last email,3
latest files attaching last email,3
latest files affixed last email,3
latest files attatched last email,3
latest files Attaching last email,3
latest files fastened last email,3
latest files attaches last email,3
latest files tethered last email,3
latest files attachment last email,3
latest files attached earlier email,3
latest files attached Last email,3
latest files attached ago email,3
latest files attached previous email,3
latest files attached first email,3
latest files attached after email,3
latest files attached next email,3
latest files attached past email,3
latest files attached this email,3
latest files attached later email,3
latest files attached last e_mail,3
latest files attached last emails,3
latest files attached last E_mail,3
latest files attached last Email,3
latest files attached last roycimagala@hotmail.com,3
latest files attached last cclark####nd@netscape.net,3
latest files attached last email_info@unify.com,3
latest files attached last Stephen_Gallien,3
latest files attached last Website_www.citizen_news.org,3
latest files attached last Cathryn_Khalil,3
attachment latest email inbox,3
Attachments latest email inbox,3
unknown_senders latest email inbox,3
PDF_attachments latest email inbox,3
ZIP_files latest email inbox,3
ZIP_archive latest email inbox,3
PowerPoint_attachments latest email inbox,3
nested_folders latest email inbox,3
PDF_files latest email inbox,3
vCards latest email inbox,3
attachments lastest email inbox,3
attachments Latest email inbox,3
attachments newest email inbox,3
attachments recent email inbox,3
attachments thelatest email inbox,3
attachments latests email inbox,3
attachments headline_grabbing email inbox,3
attachments new email inbox,3
attachments Ninemsn_Newsroom email inbox,3
attachments long_awaited email inbox,3
attachments latest e_mail inbox,3
attachments latest emails inbox,3
attachments latest E_mail inbox,3
attachments latest Email inbox,3
attachments latest roycimagala@hotmail.com inbox,3
attachments latest cclark####nd@netscape.net inbox,3
attachments latest email_info@unify.com inbox,3
attachments latest Stephen_Gallien inbox,3
attachments latest Website_www.citizen_news.org inbox,3
attachments latest Cathryn_Khalil inbox,3
attachments latest email email_inbox,3
attachments latest email inboxes,3
attachments latest email Inbox,3
attachments latest email email_inboxes,3
attachments latest email Gmail_inbox,3
attachments latest email Become_GSB_member,3
attachments latest email mailbox,3
attachments latest email e_mail_inboxes,3
attachments latest email RFE_RL_Headlines,3
attachments latest email Get_abc7news.com_news,3
giving links lastest email,3
gave links lastest email,3
Give links lastest email,3
gives links lastest email,3
provide links lastest email,3
given links lastest email,3
Giving links lastest email,3
take links lastest email,3
get links lastest email,3
togive links lastest email,3
give link lastest email,3
give linking lastest email,3
give ties lastest email,3
give connections lastest email,3
give linkages lastest email,3
give Links lastest email,3
give linkage lastest email,3
give connection lastest email,3
give contacts lastest email,3
give linked lastest email,3
give links latest email,3
give links Latest email,3
give links newest email,3
give links latests email,3
give links thelatest email,3
give links recent email,3
give links marion_jones email,3
give links Ninemsn_Newsroom email,3
give links Aquaculture_Processing email,3
give links Newsroom_VIDEO_All email,3
give links lastest e_mail,3
give links lastest emails,3
give links lastest E_mail,3
give links lastest Email,3
give links lastest roycimagala@hotmail.com,3
give links lastest cclark####nd@netscape.net,3
give links lastest email_info@unify.com,3
give links lastest Stephen_Gallien,3
give links lastest Website_www.citizen_news.org,3
give links lastest Cathryn_Khalil,3
lastest notification,1
Latest notification,1
newest notification,1
recent notification,1
thelatest notification,1
latests notification,1
headline_grabbing notification,1
new notification,1
Ninemsn_Newsroom notification,1
long_awaited notification,1
latest notifications,1
latest Notification,1
latest notifying,1
latest notify,1
latest notified,1
latest notifies,1
latest Notifying,1
latest notices,1
latest notice,1
latest Notifications,1
myself need latest email message,1
'm need latest email message,1
my need latest email message,1
honestly need latest email message,1
me need latest email message,1
we need latest email message,1
'd need latest email message,1
yeah need latest email message,1
Personally need latest email message,1
you need latest email message,1
I needed latest email message,1
I want latest email message,1
I needs latest email message,1
I must latest email message,1
I needing latest email message,1
I can latest email message,1
I should latest email message,1
I do latest email message,1
I needto latest email message,1
I necessary latest email message,1
I need lastest email message,1
I need Latest email message,1
I need newest email message,1
I need recent email message,1
I need thelatest email message,1
I need latests email message,1
I need headline_grabbing email message,1
I need new email message,1
I need Ninemsn_Newsroom email message,1
I need long_awaited email message,1
I need latest e_mail message,1
I need latest emails message,1
I need latest E_mail message,1
I need latest Email message,1
I need latest roycimagala@hotmail.com message,1
I need latest cclark####nd@netscape.net message,1
I need latest email_info@unify.com message,1
I need latest Stephen_Gallien message,1
I need latest Website_www.citizen_news.org message,1
I need latest Cathryn_Khalil message,1
I need latest email messages,1
I need latest email messsage,1
I need latest email mesage,1
I need latest email Message,1
I need latest email messege,1
I need latest email subliminal_message,1
I need latest email mes_sage,1
I need latest email Messages,1
I need latest email missive,1
I need latest email congratulatory_message,1
returning latest email body,1
returns latest email body,1
returned latest email body,1
rejoin latest email body,1
Return latest email body,1
leave latest email body,1
depart latest email body,1
Returning latest email body,1
reclaim latest email body,1
retun latest email body,1
return lastest email body,1
return Latest email body,1
return newest email body,1
return recent email body,1
return thelatest email body,1
return latests email body,1
return headline_grabbing email body,1
return new email body,1
return Ninemsn_Newsroom email body,1
return long_awaited email body,1
return latest e_mail body,1
return latest emails body,1
return latest E_mail body,1
return latest Email body,1
return latest roycimagala@hotmail.com body,1
return latest cclark####nd@netscape.net body,1
return latest email_info@unify.com body,1
return latest Stephen_Gallien body,1
return latest Website_www.citizen_news.org body,1
return latest Cathryn_Khalil body,1
return latest email bodies,1
return latest email Body,1
return latest email corpse,1
return latest email torso,1
return latest email partially_decomposed,1
return latest email decomposing_body,1
return latest email clothing_scented_soaps,1
return latest email vehicle_Kamenobu,1
return latest email shallow_grave_More_>>,1
return latest email dismembered_body,1
know email,1
telling email,1
tells email,1
ask email,1
Tell email,1
say email,1
Telling email,1
see email,1
remind email,1
explain email,1
tell e_mail,1
tell emails,1
tell E_mail,1
tell Email,1
tell roycimagala@hotmail.com,1
tell cclark####nd@netscape.net,1
tell email_info@unify.com,1
tell Stephen_Gallien,1
tell Website_www.citizen_news.org,1
tell Cathryn_Khalil,1
diving_header latest email I received,2
glancing_header latest email I received,2
downward_header latest email I received,2
looping_header latest email I received,2
flicked_header latest email I received,2
thumping_header latest email I received,2
towering_header latest email I received,2
freekick latest email I received,2
stooping_header latest email I received,2
goalbound_header latest email I received,2
header lastest email I received,2
header Latest email I received,2
header newest email I received,2
header recent email I received,2
header thelatest email I received,2
header latests email I received,2
header headline_grabbing email I received,2
header new email I received,2
header Ninemsn_Newsroom email I received,2
header long_awaited email I received,2
header latest e_mail I received,2
header latest emails I received,2
header latest E_mail I received,2
header latest Email I received,2
header latest roycimagala@hotmail.com I received,2
header latest cclark####nd@netscape.net I received,2
header latest email_info@unify.com I received,2
header latest Stephen_Gallien I received,2
header latest Website_www.citizen_news.org I received,2
header latest Cathryn_Khalil I received,2
header latest email myself received,2
header latest email 'm received,2
header latest email my received,2
header latest email honestly received,2
header latest email me received,2
header latest email we received,2
header latest email 'd received,2
header latest email yeah received,2
header latest email Personally received,2
header latest email you received,2
header latest email I recieved,2
header latest email I receiving,2
header latest email I receieved,2
header latest email I receive,2
header latest email I receives,2
header latest email I re_ceived,2
header latest email I Received,2
header latest email I garnered,2
header latest email I recevied,2
header latest email I Receiving,2
Which last email,2
How last email,2
So last email,2
That last email,2
Why last email,2
And last email,2
Whatever last email,2
what last email,2
Really last email,2
Actually last email,2
What earlier email,2
What Last email,2
What ago email,2
What previous email,2
What first email,2
What after email,2
What next email,2
What past email,2
What this email,2
What later email,2
What last e_mail,2
What last emails,2
What last E_mail,2
What last Email,2
What last roycimagala@hotmail.com,2
What last cclark####nd@netscape.net,2
What last email_info@unify.com,2
What last Stephen_Gallien,2
What last Website_www.citizen_news.org,2
What last Cathryn_Khalil,2
topics last email,2
issue last email,2
topic_du_jour last email,2
touchy_subject last email,2
subject last email,2
can't_miss_tabloid last email,2
discussion last email,2
issues last email,2
taboo_topic last email,2
touchy_topic last email,2
topic earlier email,2
topic Last email,2
topic ago email,2
topic previous email,2
topic first email,2
topic after email,2
topic next email,2
topic past email,2
topic this email,2
topic later email,2
topic last e_mail,2
topic last emails,2
topic last E_mail,2
topic last Email,2
topic last roycimagala@hotmail.com,2
topic last cclark####nd@netscape.net,2
topic last email_info@unify.com,2
topic last Stephen_Gallien,2
topic last Website_www.citizen_news.org,2
topic last Cathryn_Khalil,2
giving last subject,2
gave last subject,2
Give last subject,2
gives last subject,2
provide last subject,2
given last subject,2
Giving last subject,2
take last subject,2
get last subject,2
togive last subject,2
give earlier subject,2
give Last subject,2
give ago subject,2
give previous subject,2
give first subject,2
give after subject,2
give next subject,2
give past subject,2
give this subject,2
give later subject,2
give last Subject,2
give last topic,2
give last Note_Movie_showtimes,2
give last Indicate_Pet_Ohana,2
give last concerning,2
give last Sonus_sole_discretion,2
give last Type_Inbox,2
give last relating,2
give last subjects,2
give last consents_authorizations,2
Show_IAA latest pictures last email,3
Shows latest pictures last email,3
show latest pictures last email,3
Expo latest pictures last email,3
Showcase latest pictures last email,3
Extravaganza latest pictures last email,3
Manager_Lance_Fensterman latest pictures last email,3
Manhattan_Vintage_Clothing latest pictures last email,3
CMA_Awards_Banquet latest pictures last email,3
Actress_Laura_Prepon latest pictures last email,3
Show lastest pictures last email,3
Show Latest pictures last email,3
Show newest pictures last email,3
Show recent pictures last email,3
Show thelatest pictures last email,3
Show latests pictures last email,3
Show headline_grabbing pictures last email,3
Show new pictures last email,3
Show Ninemsn_Newsroom pictures last email,3
Show long_awaited pictures last email,3
Show latest photos last email,3
Show latest photographs last email,3
Show latest images last email,3
Show latest photograph last email,3
Show latest photo last email,3
Show latest picture last email,3
Show latest Photographs last email,3
Show latest pics last email,3
Show latest Photos last email,3
Show latest snapshots last email,3
Show latest pictures earlier email,3
Show latest pictures Last email,3
Show latest pictures ago email,3
Show latest pictures previous email,3
Show latest pictures first email,3
Show latest pictures after email,3
Show latest pictures next email,3
Show latest pictures past email,3
Show latest pictures this email,3
Show latest pictures later email,3
Show latest pictures last e_mail,3
Show latest pictures last emails,3
Show latest pictures last E_mail,3
Show latest pictures last Email,3
Show latest pictures last roycimagala@hotmail.com,3
Show latest pictures last cclark####nd@netscape.net,3
Show latest pictures last email_info@unify.com,3
Show latest pictures last Stephen_Gallien,3
Show latest pictures last Website_www.citizen_news.org,3
Show latest pictures last Cathryn_Khalil,3
myself need attachment last email,3
'm need attachment last email,3
my need attachment last email,3
honestly need attachment last email,3
me need attachment last email,3
we need attachment last email,3
'd need attachment last email,3
yeah need attachment last email,3
Personally need attachment last email,3
you need attachment last email,3
I needed attachment last email,3
I want attachment last email,3
I needs attachment last email,3
I must attachment last email,3
I needing attachment last email,3
I can attachment last email,3
I should attachment last email,3
I do attachment last email,3
I needto attachment last email,3
I necessary attachment last email,3
I need attachments last email,3
I need Charge_Writ last email,3
I need attached last email,3
I need attach last email,3
I need attachement last email,3
I need base_weatherhead last email,3
I need postcard.exe last email,3
I need attaches last email,3
I need prosthetic_beak last email,3
I need Attachment last email,3
I need attachment earlier email,3
I need attachment Last email,3
I need attachment ago email,3
I need attachment previous email,3
I need attachment first email,3
I need attachment after email,3
I need attachment next email,3
I need attachment past email,3
I need attachment this email,3
I need attachment later email,3
I need attachment last e_mail,3
I need attachment last emails,3
I need attachment last E_mail,3
I need attachment last Email,3
I need attachment last roycimagala@hotmail.com,3
I need attachment last cclark####nd@netscape.net,3
I need attachment last email_info@unify.com,3
I need attachment last Stephen_Gallien,3
I need attachment last Website_www.citizen_news.org,3
I need attachment last Cathryn_Khalil,3
Content attachment last email,3
Classical.com attachment last email,3
*_Trialists attachment last email,3
TheNewsRoom attachment last email,3
AOL_Truveo attachment last email,3
networks_CDNs attachment last email,3
PinstripesPlus.com_Scout_™ attachment last email,3
Pyro.TV attachment last email,3
Certicom_protects attachment last email,3
Cinematical_podcast attachment last email,3
content attachments last email,3
content Charge_Writ last email,3
content attached last email,3
content attach last email,3
content attachement last email,3
content base_weatherhead last email,3
content postcard.exe last email,3
content attaches last email,3
content prosthetic_beak last email,3
content Attachment last email,3
content attachment earlier email,3
content attachment Last email,3
content attachment ago email,3
content attachment previous email,3
content attachment first email,3
content attachment after email,3
content attachment next email,3
content attachment past email,3
content attachment this email,3
content attachment later email,3
content attachment last e_mail,3
content attachment last emails,3
content attachment last E_mail,3
content attachment last Email,3
content attachment last roycimagala@hotmail.com,3
content attachment last cclark####nd@netscape.net,3
content attachment last email_info@unify.com,3
content attachment last Stephen_Gallien,3
content attachment last Website_www.citizen_news.org,3
content attachment last Cathryn_Khalil,3
shows files attached last email,3
showing files attached last email,3
Show files attached last email,3
showed files attached last email,3
shown files attached last email,3
demonstrate files attached last email,3
Shows files attached last email,3
THE_SINGING_BEE files attached last email,3
PBS_Soundstage files attached last email,3
Jimmy_Kimmell files attached last email,3
show file attached last email,3
show folder attached last email,3
show documents attached last email,3
show Files attached last email,3
show pst_file attached last email,3
show PDF_files attached last email,3
show folders attached last email,3
show JPG_files attached last email,3
show Photographs_stapled attached last email,3
show ZIP_files attached last email,3
show files attach last email,3
show files Attached last email,3
show files attaching last email,3
show files affixed last email,3
show files attatched last email,3
show files Attaching last email,3
show files fastened last email,3
show files attaches last email,3
show files tethered last email,3
show files attachment last email,3
show files attached earlier email,3
show files attached Last email,3
show files attached ago email,3
show files attached previous email,3
show files attached first email,3
show files attached after email,3
show files attached next email,3
show files attached past email,3
show files attached this email,3
show files attached later email,3
show files attached last e_mail,3
show files attached last emails,3
show files attached last E_mail,3
show files attached last Email,3
show files attached last roycimagala@hotmail.com,3
show files attached last cclark####nd@netscape.net,3
show files attached last email_info@unify.com,3
show files attached last Stephen_Gallien,3
show files attached last Website_www.citizen_news.org,3
show files attached last Cathryn_Khalil,3
